ssid,rate,expected,requested,tool,classifier,TP,FP,FN,TP_FN,TP_FP,FDR,MR,precision,recall,fscore
37e41038-310c-44e1-a1ed-8979b0f73709,0.00010221989490569176,0.00010284655898156638,0.0001,deml,multiplex,1368977,2,44,1369021,1368979,1.4609427902108067e-06,3.2139755343416936e-05,0.9999985390572098,0.9999678602446566,0.9999831994156319
37e41038-310c-44e1-a1ed-8979b0f73709,0.00010221989490569176,0.00010284655898156638,0.0001,mdd,multiplex,1368768,496,253,1369021,1369264,0.0003622383996073803,0.0001848035932246474,0.9996377616003926,0.9998151964067753,0.9997264711306528
37e41038-310c-44e1-a1ed-8979b0f73709,0.00010221989490569176,0.00010284655898156638,0.0001,pamld,multiplex,1368998,13,23,1369021,1369011,9.495906168759783e-06,1.6800326656786125e-05,0.9999905040938313,0.9999831996733433,0.9999868518702484
37e41038-310c-44e1-a1ed-8979b0f73709,0.00010221989490569176,0.00010284655898156638,0.0001,pamld_ap,multiplex,1368998,13,23,1369021,1369011,9.495906168759783e-06,1.6800326656786125e-05,0.9999905040938313,0.9999831996733433,0.9999868518702484
37e41038-310c-44e1-a1ed-8979b0f73709,0.00010221989490569176,0.00010284655898156638,0.0001,pamld_u,multiplex,1368986,2,35,1369021,1368988,1.460933185681686e-06,2.556571447771802e-05,0.9999985390668144,0.9999744342855222,0.9999864865309062
082e6a59-27fe-47ed-ae2c-89da8ceb31ee,0.0005106309627725431,0.0005096646264838503,0.0005,deml,multiplex,1368697,127,324,1369021,1368824,9.278037205659749e-05,0.00023666547116516108,0.9999072196279434,0.9997633345288348,0.9998352719018059
082e6a59-27fe-47ed-ae2c-89da8ceb31ee,0.0005106309627725431,0.0005096646264838503,0.0005,mdd,multiplex,1368769,8144,252,1369021,1376913,0.005914680157715121,0.00018407314423956974,0.9940853198422849,0.9998159268557605,0.9969423882729884
082e6a59-27fe-47ed-ae2c-89da8ceb31ee,0.0005106309627725431,0.0005096646264838503,0.0005,pamld,multiplex,1368965,78,56,1369021,1369043,5.697410526915517e-05,4.090514316434883e-05,0.9999430258947308,0.9999590948568357,0.9999510603112272
082e6a59-27fe-47ed-ae2c-89da8ceb31ee,0.0005106309627725431,0.0005096646264838503,0.0005,pamld_ap,multiplex,1368965,78,56,1369021,1369043,5.697410526915517e-05,4.090514316434883e-05,0.9999430258947308,0.9999590948568357,0.9999510603112272
082e6a59-27fe-47ed-ae2c-89da8ceb31ee,0.0005106309627725431,0.0005096646264838503,0.0005,pamld_u,multiplex,1368894,107,127,1369021,1369001,7.815918322923065e-05,9.276702110486253e-05,0.9999218408167708,0.9999072329788952,0.9999145368444812
ce333fb9-5e8d-4b14-a5ee-7101afe2cfa6,0.001001851483497498,0.0010005376054258012,0.001,deml,multiplex,1368349,735,672,1369021,1369084,0.0005368552988713622,0.0004908617179721859,0.9994631447011286,0.9995091382820278,0.999486140962454
ce333fb9-5e8d-4b14-a5ee-7101afe2cfa6,0.001001851483497498,0.0010005376054258012,0.001,mdd,multiplex,1368769,23266,252,1369021,1392035,0.01671366021687673,0.00018407314423956974,0.9832863397831233,0.9998159268557605,0.9914822444745779
ce333fb9-5e8d-4b14-a5ee-7101afe2cfa6,0.001001851483497498,0.0010005376054258012,0.001,pamld,multiplex,1368932,530,89,1369021,1369462,0.0003870132942717651,6.500995967191153e-05,0.9996129867057283,0.999934990040328,0.9997739624456314
ce333fb9-5e8d-4b14-a5ee-7101afe2cfa6,0.001001851483497498,0.0010005376054258012,0.001,pamld_ap,multiplex,1368932,531,89,1369021,1369463,0.0003877432248991028,6.500995967191153e-05,0.9996122567751009,0.999934990040328,0.9997735973626284
ce333fb9-5e8d-4b14-a5ee-7101afe2cfa6,0.001001851483497498,0.0010005376054258012,0.001,pamld_u,multiplex,1368759,810,262,1369021,1369569,0.0005914269379636951,0.00019137763409034632,0.9994085730620363,0.9998086223659096,0.9996085576884455
b3b1b9af-9a6c-43dd-b5ab-be35bbee9c7f,0.0010195846534589079,0.0010154784442797933,0,deml,multiplex,1368331,713,690,1369021,1369044,0.0005208013767271176,0.0005040097997035838,0.9994791986232728,0.9994959902002964,0.9994875943412591
b3b1b9af-9a6c-43dd-b5ab-be35bbee9c7f,0.0010195846534589079,0.0010154784442797933,0,mdd,multiplex,1368769,23941,252,1369021,1392710,0.017190226249542258,0.00018407314423956974,0.9828097737504577,0.9998159268557605,0.9912399143870276
b3b1b9af-9a6c-43dd-b5ab-be35bbee9c7f,0.0010195846534589079,0.0010154784442797933,0,pamld,multiplex,1368934,510,87,1369021,1369444,0.0003724139139680045,6.354906170175622e-05,0.999627586086032,0.9999364509382982,0.999781994657591
b3b1b9af-9a6c-43dd-b5ab-be35bbee9c7f,0.0010195846534589079,0.0010154784442797933,0,pamld_ap,multiplex,1368934,510,87,1369021,1369444,0.0003724139139680045,6.354906170175622e-05,0.999627586086032,0.9999364509382982,0.999781994657591
b3b1b9af-9a6c-43dd-b5ab-be35bbee9c7f,0.0010195846534589079,0.0010154784442797933,0,pamld_u,multiplex,1368765,792,256,1369021,1369557,0.0005782891840208184,0.00018699494017988038,0.9994217108159792,0.9998130050598201,0.999617319645451
40a08990-33b3-41f5-b061-2561bc84ca96,0.0015086547052242097,0.0015048144038075785,0.0015,deml,multiplex,1368061,1552,960,1369021,1369613,0.0011331668142752734,0.0007012310256745514,0.9988668331857248,0.9992987689743255,0.9990827543950743
40a08990-33b3-41f5-b061-2561bc84ca96,0.0015086547052242097,0.0015048144038075785,0.0015,mdd,multiplex,1368770,38907,251,1369021,1407677,0.02763915301592624,0.00018334269525449207,0.9723608469840738,0.9998166573047456,0.9858976381298938
40a08990-33b3-41f5-b061-2561bc84ca96,0.0015086547052242097,0.0015048144038075785,0.0015,pamld,multiplex,1368865,1372,156,1369021,1370237,0.001001286638734759,0.0001139500416721146,0.9989987133612652,0.9998860499583279,0.9994421847084137
40a08990-33b3-41f5-b061-2561bc84ca96,0.0015086547052242097,0.0015048144038075785,0.0015,pamld_ap,multiplex,1368865,1372,156,1369021,1370237,0.001001286638734759,0.0001139500416721146,0.9989987133612652,0.9998860499583279,0.9994421847084137
40a08990-33b3-41f5-b061-2561bc84ca96,0.0015086547052242097,0.0015048144038075785,0.0015,pamld_u,multiplex,1368563,1973,458,1369021,1370536,0.0014395827617807923,0.0003345456351655672,0.9985604172382192,0.9996654543648344,0.9991126302537235
8c689128-8483-4ce5-9b67-8cb160550497,0.0026140191760737268,0.0026079814479497932,0.0025,deml,multiplex,1367620,3802,1401,1369021,1371422,0.002772304950627888,0.0010233590280937985,0.9972276950493721,0.9989766409719062,0.9981014018536418
8c689128-8483-4ce5-9b67-8cb160550497,0.0026140191760737268,0.0026079814479497932,0.0025,mdd,multiplex,1368770,68039,251,1369021,1436809,0.04735424123874502,0.00018334269525449207,0.952645758761255,0.9998166573047456,0.9756613907471231
8c689128-8483-4ce5-9b67-8cb160550497,0.0026140191760737268,0.0026079814479497932,0.0025,pamld,multiplex,1368770,3885,251,1369021,1372655,0.0028302814618385535,0.00018334269525449207,0.9971697185381615,0.9998166573047456,0.9984914337069734
8c689128-8483-4ce5-9b67-8cb160550497,0.0026140191760737268,0.0026079814479497932,0.0025,pamld_ap,multiplex,1368771,3884,250,1369021,1372655,0.0028295529466617615,0.0001826122462694144,0.9971704470533382,0.9998173877537306,0.9984921631877728
8c689128-8483-4ce5-9b67-8cb160550497,0.0026140191760737268,0.0026079814479497932,0.0025,pamld_u,multiplex,1368167,5038,854,1369021,1373205,0.003668789437847954,0.0006238034332563196,0.996331210562152,0.9993761965667437,0.9978513805937219
b7e78bf9-30a3-4955-9469-0bbd77310476,0.005022469449004313,0.00502988213979957,0.005,deml,multiplex,1365765,7106,3256,1369021,1372871,0.005176014352404559,0.0023783418954128536,0.9948239856475954,0.9976216581045871,0.9962208577143082
b7e78bf9-30a3-4955-9469-0bbd77310476,0.005022469449004313,0.00502988213979957,0.005,mdd,multiplex,1368770,111523,251,1369021,1480293,0.0753384633988001,0.00018334269525449207,0.9246615366011999,0.9998166573047456,0.9607716102893539
b7e78bf9-30a3-4955-9469-0bbd77310476,0.005022469449004313,0.00502988213979957,0.005,pamld,multiplex,1368462,8314,559,1369021,1376776,0.006038745591149177,0.00040832098265841064,0.9939612544088509,0.9995916790173416,0.9967685156623013
b7e78bf9-30a3-4955-9469-0bbd77310476,0.005022469449004313,0.00502988213979957,0.005,pamld_ap,multiplex,1368464,8313,557,1369021,1376777,0.006038014870963126,0.0004068600846882553,0.9939619851290369,0.9995931399153117,0.9967696094177357
b7e78bf9-30a3-4955-9469-0bbd77310476,0.005022469449004313,0.00502988213979957,0.005,pamld_u,multiplex,1367520,9639,1501,1369021,1377159,0.006999191814452797,0.0010964039266015643,0.9930008081855473,0.9989035960733984,0.9959434560006991
9442e6ea-8033-44b2-b0f3-91470348a7f0,0.006930104080448791,0.006924673097025652,0.0075,deml,multiplex,1363425,8352,5596,1369021,1371777,0.006088453152370976,0.004087592520494572,0.9939115468476291,0.9959124074795054,0.9949109711843047
9442e6ea-8033-44b2-b0f3-91470348a7f0,0.006930104080448791,0.006924673097025652,0.0075,mdd,multiplex,1368767,139381,254,1369021,1508148,0.09241864856764721,0.00018553404220972506,0.9075813514323527,0.9998144659577902,0.9514679186380779
9442e6ea-8033-44b2-b0f3-91470348a7f0,0.006930104080448791,0.006924673097025652,0.0075,pamld,multiplex,1368159,9970,862,1369021,1378129,0.007234446122242548,0.0006296470251369409,0.9927655538777574,0.9993703529748631,0.9960570045319695
9442e6ea-8033-44b2-b0f3-91470348a7f0,0.006930104080448791,0.006924673097025652,0.0075,pamld_ap,multiplex,1368163,9968,858,1369021,1378131,0.0072329843824716225,0.0006267252291966303,0.9927670156175283,0.9993732747708034,0.9960591914826701
9442e6ea-8033-44b2-b0f3-91470348a7f0,0.006930104080448791,0.006924673097025652,0.0075,pamld_u,multiplex,1366546,10935,2475,1369021,1377481,0.007938403506110065,0.0018078612380672027,0.9920615964938899,0.9981921387619328,0.9951174257291638
156d68c8-abcd-439a-a387-71b3708652ff,0.009601136452099902,0.009597217109966756,0.01,deml,multiplex,1359751,9304,9270,1369021,1369055,0.006795928578472011,0.006771262091669887,0.993204071421528,0.9932287379083301,0.9932164045117813
156d68c8-abcd-439a-a387-71b3708652ff,0.009601136452099902,0.009597217109966756,0.01,mdd,multiplex,1368766,178138,255,1369021,1546904,0.11515776027471647,0.00018626449119480272,0.8848422397252835,0.9998137355088051,0.9388211288013237
156d68c8-abcd-439a-a387-71b3708652ff,0.009601136452099902,0.009597217109966756,0.01,pamld,multiplex,1367671,11116,1350,1369021,1378787,0.00806215898467276,0.0009861061298548379,0.9919378410153272,0.9990138938701452,0.9954632929229408
156d68c8-abcd-439a-a387-71b3708652ff,0.009601136452099902,0.009597217109966756,0.01,pamld_ap,multiplex,1367676,11118,1345,1369021,1378794,0.008063568596904252,0.0009824538849294495,0.9919364314030957,0.9990175461150705,0.9954643962566622
156d68c8-abcd-439a-a387-71b3708652ff,0.009601136452099902,0.009597217109966756,0.01,pamld_u,multiplex,1364667,11892,4354,1369021,1376559,0.008638932294220589,0.0031803748810281217,0.9913610677057794,0.9968196251189719,0.9940828531676367
7d4caa7a-5b9c-4b47-af6a-0217ce344f6a,0.013483866722723161,0.013480778520425887,0.0125,deml,multiplex,1354045,10484,14976,1369021,1364529,0.007683237219582728,0.010939204000523001,0.9923167627804172,0.989060795999477,0.9906861041502808
7d4caa7a-5b9c-4b47-af6a-0217ce344f6a,0.013483866722723161,0.013480778520425887,0.0125,mdd,multiplex,1368767,241024,254,1369021,1609791,0.1497237840191677,0.00018553404220972506,0.8502762159808323,0.9998144659577902,0.9190019376852249
7d4caa7a-5b9c-4b47-af6a-0217ce344f6a,0.013483866722723161,0.013480778520425887,0.0125,pamld,multiplex,1366645,12218,2376,1369021,1378863,0.008860923819117635,0.0017355467885445148,0.9911390761808824,0.9982644532114555,0.994689004339339
7d4caa7a-5b9c-4b47-af6a-0217ce344f6a,0.013483866722723161,0.013480778520425887,0.0125,pamld_ap,multiplex,1366670,12224,2351,1369021,1378894,0.008865075923167409,0.0017172855639175733,0.9911349240768326,0.9982827144360824,0.9946959785874017
7d4caa7a-5b9c-4b47-af6a-0217ce344f6a,0.013483866722723161,0.013480778520425887,0.0125,pamld_u,multiplex,1361070,12858,7951,1369021,1373928,0.009358569007982952,0.0058077998803524565,0.9906414309920171,0.9941922001196476,0.9924136394807195
a362969d-fe30-497a-a2ec-42bc0119f398,0.016095562080487544,0.016079213918012623,0.016,deml,multiplex,1349133,11391,19888,1369021,1360524,0.008372509415489914,0.014527169415224457,0.99162749058451,0.9854728305847755,0.9885405809393141
a362969d-fe30-497a-a2ec-42bc0119f398,0.016095562080487544,0.016079213918012623,0.016,mdd,multiplex,1368779,289455,242,1369021,1658234,0.17455618447094923,0.00017676865438879315,0.8254438155290508,0.9998232313456112,0.9043037339107541
a362969d-fe30-497a-a2ec-42bc0119f398,0.016095562080487544,0.016079213918012623,0.016,pamld,multiplex,1365912,12825,3109,1369021,1378737,0.009301991605360558,0.0022709658946064378,0.9906980083946394,0.9977290341053936,0.994201090489046
a362969d-fe30-497a-a2ec-42bc0119f398,0.016095562080487544,0.016079213918012623,0.016,pamld_ap,multiplex,1365948,12838,3073,1369021,1378786,0.009311089610715513,0.002244669731143642,0.9906889103892845,0.9977553302688563,0.99420956420884
a362969d-fe30-497a-a2ec-42bc0119f398,0.016095562080487544,0.016079213918012623,0.016,pamld_u,multiplex,1358779,13486,10242,1369021,1372265,0.009827547886159015,0.00748125850516537,0.990172452113841,0.9925187414948347,0.9913442085211102
62bdb0f5-affe-4b31-8b27-f5e96899f37f,0.019265409548427006,0.019266911744529214,0.02,deml,multiplex,1341397,12714,27624,1369021,1354111,0.009389185967767782,0.020177922763785217,0.9906108140322322,0.9798220772362148,0.9851869097788869
62bdb0f5-affe-4b31-8b27-f5e96899f37f,0.019265409548427006,0.019266911744529214,0.02,mdd,multiplex,1368778,355963,243,1369021,1724741,0.20638635018243318,0.0001774991033738708,0.7936136498175668,0.9998225008966262,0.8848631536621111
62bdb0f5-affe-4b31-8b27-f5e96899f37f,0.019265409548427006,0.019266911744529214,0.02,pamld,multiplex,1364800,13642,4221,1369021,1378442,0.00989668045518056,0.003083225166012793,0.9901033195448194,0.9969167748339872,0.9934983655830852
62bdb0f5-affe-4b31-8b27-f5e96899f37f,0.019265409548427006,0.019266911744529214,0.02,pamld_ap,multiplex,1364898,13663,4123,1369021,1378561,0.009911059430812275,0.003011641165475183,0.9900889405691877,0.9969883588345249,0.9935266718154363
62bdb0f5-affe-4b31-8b27-f5e96899f37f,0.019265409548427006,0.019266911744529214,0.02,pamld_u,multiplex,1355432,14374,13589,1369021,1369806,0.010493456737669422,0.00992607125822029,0.9895065432623306,0.9900739287417797,0.9897901546903107
b37d56c6-488a-4121-abf6-8b8a2bf82668,0.023206596030835868,0.02319386749805251,0.025,deml,multiplex,1329786,14516,39235,1369021,1344302,0.010798168863841606,0.0286591659295219,0.9892018311361583,0.9713408340704781,0.98018997369646
b37d56c6-488a-4121-abf6-8b8a2bf82668,0.023206596030835868,0.02319386749805251,0.025,mdd,multiplex,1368788,451362,233,1369021,1820150,0.24798066093453836,0.00017019461352309423,0.7520193390654616,0.9998298053864769,0.8583973703511039
b37d56c6-488a-4121-abf6-8b8a2bf82668,0.023206596030835868,0.02319386749805251,0.025,pamld,multiplex,1363249,14670,5772,1369021,1377919,0.010646489379999841,0.00421615154186824,0.9893535106200002,0.9957838484581317,0.9925582648328686
b37d56c6-488a-4121-abf6-8b8a2bf82668,0.023206596030835868,0.02319386749805251,0.025,pamld_ap,multiplex,1363404,14714,5617,1369021,1378118,0.010676879628594938,0.004102931949181203,0.989323120371405,0.9958970680508188,0.9925992095776733
b37d56c6-488a-4121-abf6-8b8a2bf82668,0.023206596030835868,0.02319386749805251,0.025,pamld_u,multiplex,1350649,15754,18372,1369021,1366403,0.01152954143104194,0.013419808753846726,0.9884704585689581,0.9865801912461533,0.9875244203458038
424c4ff7-5cc6-4032-bd54-70b492bbcbb5,0.034070268592542335,0.03406973105966287,0.031,deml,multiplex,1294548,22633,74473,1369021,1317181,0.01718290804376923,0.0543987272656884,0.9828170919562308,0.9456012727343116,0.963850075310792
424c4ff7-5cc6-4032-bd54-70b492bbcbb5,0.034070268592542335,0.03406973105966287,0.031,mdd,multiplex,1368777,772378,244,1369021,2141155,0.3607296062172052,0.00017822955235894847,0.6392703937827948,0.9998217704476411,0.7798908088939132
424c4ff7-5cc6-4032-bd54-70b492bbcbb5,0.034070268592542335,0.03406973105966287,0.031,pamld,multiplex,1357158,18375,11863,1369021,1375533,0.01335845813949938,0.008665316309976252,0.9866415418605006,0.9913346836900238,0.9889825450692534
424c4ff7-5cc6-4032-bd54-70b492bbcbb5,0.034070268592542335,0.03406973105966287,0.031,pamld_ap,multiplex,1357965,18568,11056,1369021,1376533,0.013488961034715478,0.008075843979018584,0.9865110389652845,0.9919241560209814,0.9892101921870776
424c4ff7-5cc6-4032-bd54-70b492bbcbb5,0.034070268592542335,0.03406973105966287,0.031,pamld_u,multiplex,1332920,21490,36101,1369021,1354410,0.015866687339874928,0.02636993881028852,0.984133312660125,0.9736300611897115,0.978853512352617
a5b2c471-f1bc-49b7-9650-19bcd78e73ae,0.04153615803193878,0.04154681500776635,0.0375,deml,multiplex,1268789,31177,100232,1369021,1299966,0.023982934938298388,0.07321436267230379,0.9760170650617016,0.9267856373276963,0.9507644660689618
a5b2c471-f1bc-49b7-9650-19bcd78e73ae,0.04153615803193878,0.04154681500776635,0.0375,mdd,multiplex,1368800,1041011,221,1369021,2409811,0.4319886497322819,0.00016142922570216235,0.5680113502677181,0.9998385707742978,0.7244566575068699
a5b2c471-f1bc-49b7-9650-19bcd78e73ae,0.04153615803193878,0.04154681500776635,0.0375,pamld,multiplex,1351344,22083,17677,1369021,1373427,0.01607875773521272,0.012912146709217755,0.9839212422647873,0.9870878532907822,0.9855020040489372
a5b2c471-f1bc-49b7-9650-19bcd78e73ae,0.04153615803193878,0.04154681500776635,0.0375,pamld_ap,multiplex,1353137,22387,15884,1369021,1375524,0.016275252194799944,0.011602451678973514,0.9837247478052,0.9883975483210264,0.98605561213243
a5b2c471-f1bc-49b7-9650-19bcd78e73ae,0.04153615803193878,0.04154681500776635,0.0375,pamld_u,multiplex,1317864,27949,51157,1369021,1345813,0.02076737258445267,0.03736757872961773,0.9792326274155473,0.9626324212703823,0.9708615701733513
58020739-79fd-4cab-8f4e-e611a6cfba15,0.05082324636893082,0.050833909960933954,0.05,deml,multiplex,1235540,47111,133481,1369021,1282651,0.03672939872186588,0.09750106097715082,0.9632706012781341,0.9024989390228492,0.9318950458427739
58020739-79fd-4cab-8f4e-e611a6cfba15,0.05082324636893082,0.050833909960933954,0.05,mdd,multiplex,1368771,1420832,250,1369021,2789603,0.5093312560962976,0.0001826122462694144,0.4906687439037024,0.9998173877537306,0.6582807197765413
58020739-79fd-4cab-8f4e-e611a6cfba15,0.05082324636893082,0.050833909960933954,0.05,pamld,multiplex,1342112,29505,26909,1369021,1371617,0.02151110696353282,0.01965565173945469,0.9784888930364671,0.9803443482605453,0.9794157418819996
58020739-79fd-4cab-8f4e-e611a6cfba15,0.05082324636893082,0.050833909960933954,0.05,pamld_ap,multiplex,1346158,30119,22863,1369021,1376277,0.021884402631156374,0.016700255145830487,0.9781155973688437,0.9832997448541695,0.9807008200931192
58020739-79fd-4cab-8f4e-e611a6cfba15,0.05082324636893082,0.050833909960933954,0.05,pamld_u,multiplex,1300101,40720,68920,1369021,1340821,0.030369452745743094,0.05034254405155217,0.9696305472542569,0.9496574559484479,0.9595400765063056
ffad3de5-49d4-4c8d-8be9-6db1be42dbda,0.062074054879668,0.062081469873390846,0.0625,deml,multiplex,1195430,76646,173591,1369021,1272076,0.060252689304727075,0.12679936976861567,0.939747310695273,0.8732006302313843,0.9052526279799643
ffad3de5-49d4-4c8d-8be9-6db1be42dbda,0.062074054879668,0.062081469873390846,0.0625,mdd,multiplex,1368800,1930233,221,1369021,3299033,0.5850905401673763,0.00016142922570216235,0.4149094598326237,0.9998385707742978,0.5864542269648123
ffad3de5-49d4-4c8d-8be9-6db1be42dbda,0.062074054879668,0.062081469873390846,0.0625,pamld,multiplex,1328055,43037,40966,1369021,1371092,0.03138884918006961,0.029923573122691324,0.9686111508199304,0.9700764268773087,0.9693432351147562
ffad3de5-49d4-4c8d-8be9-6db1be42dbda,0.062074054879668,0.062081469873390846,0.0625,pamld_ap,multiplex,1336404,44057,32617,1369021,1380461,0.03191470095859282,0.023825054546277962,0.9680852990414072,0.9761749454537221,0.9721132926129358
ffad3de5-49d4-4c8d-8be9-6db1be42dbda,0.062074054879668,0.062081469873390846,0.0625,pamld_u,multiplex,1281530,64957,87491,1369021,1346487,0.04824183226425506,0.06390771215342934,0.951758167735745,0.9360922878465706,0.9438602279941727
92ffff7e-8c09-447a-96b1-9bcdc2a0da1c,0.07520796206119236,0.07520542584097598,0.075,deml,multiplex,1152457,133016,216564,1369021,1285473,0.10347630794267947,0.15818895400435787,0.8965236920573205,0.8418110459956422,0.8683063514176337
92ffff7e-8c09-447a-96b1-9bcdc2a0da1c,0.07520796206119236,0.07520542584097598,0.075,mdd,multiplex,1368828,2577278,193,1369021,3946106,0.6531193029280005,0.00014097665411998793,0.3468806970719996,0.9998590233458801,0.5150687838691342
92ffff7e-8c09-447a-96b1-9bcdc2a0da1c,0.07520796206119236,0.07520542584097598,0.075,pamld,multiplex,1308208,70319,60813,1369021,1378527,0.05101024499338787,0.0444207941295276,0.9489897550066121,0.9555792058704724,0.9522730813074057
92ffff7e-8c09-447a-96b1-9bcdc2a0da1c,0.07520796206119236,0.07520542584097598,0.075,pamld_ap,multiplex,1324000,72008,45021,1369021,1396008,0.05158136629589515,0.032885543757181224,0.9484186337041048,0.9671144562428188,0.9576753082879058
92ffff7e-8c09-447a-96b1-9bcdc2a0da1c,0.07520796206119236,0.07520542584097598,0.075,pamld_u,multiplex,1263751,114285,105270,1369021,1378036,0.08293324702692818,0.07689436465912503,0.9170667529730718,0.923105635340875,0.9200762852754785
a11ae384-a142-4f33-a129-eda212675e2a,0.10880495881837887,0.10878126566542042,0.1,deml,multiplex,1076907,443981,292114,1369021,1520888,0.2919222191246167,0.21337437482697488,0.7080777808753833,0.7866256251730251,0.7452878274021776
a11ae384-a142-4f33-a129-eda212675e2a,0.10880495881837887,0.10878126566542042,0.1,mdd,multiplex,1368803,4321227,218,1369021,5690030,0.7594383509401532,0.00015923787874692937,0.24056164905984678,0.9998407621212531,0.3878150193276688
a11ae384-a142-4f33-a129-eda212675e2a,0.10880495881837887,0.10878126566542042,0.1,pamld,multiplex,1262044,244490,106977,1369021,1506534,0.16228641371518995,0.07814124107665259,0.8377135862848101,0.9218587589233475,0.8777742035885246
a11ae384-a142-4f33-a129-eda212675e2a,0.10880495881837887,0.10878126566542042,0.1,pamld_ap,multiplex,1296892,247671,72129,1369021,1544563,0.1603502090882664,0.05268655484466637,0.8396497909117336,0.9473134451553337,0.8902382769812026
a11ae384-a142-4f33-a129-eda212675e2a,0.10880495881837887,0.10878126566542042,0.1,pamld_u,multiplex,1252289,423165,116732,1369021,1675454,0.25256736383093775,0.08526677092608513,0.7474326361690622,0.9147332290739149,0.8226633491817144
44eb6f63-6f19-47d2-acce-67f2e59395bf,0.13099360530178397,0.13098051267870198,0.125,deml,multiplex,1045851,811959,323170,1369021,1857810,0.43705168989293847,0.23605919850754664,0.5629483101070616,0.7639408014924534,0.6482217382937006
44eb6f63-6f19-47d2-acce-67f2e59395bf,0.13099360530178397,0.13098051267870198,0.125,mdd,multiplex,1368807,5484836,214,1369021,6853643,0.8002803764362982,0.00015631608280661875,0.19971962356370182,0.9998436839171934,0.3329351655375922
44eb6f63-6f19-47d2-acce-67f2e59395bf,0.13099360530178397,0.13098051267870198,0.125,pamld,multiplex,1262443,482450,106578,1369021,1744893,0.276492598686567,0.0778497919316066,0.7235074013134329,0.9221502080683934,0.8108399910851745
44eb6f63-6f19-47d2-acce-67f2e59395bf,0.13099360530178397,0.13098051267870198,0.125,pamld_ap,multiplex,1289244,485861,79777,1369021,1775105,0.2737083158461049,0.0582730286825403,0.7262916841538951,0.9417269713174597,0.8200969045133687
44eb6f63-6f19-47d2-acce-67f2e59395bf,0.13099360530178397,0.13098051267870198,0.125,pamld_u,multiplex,1269029,839367,99992,1369021,2108396,0.3981069021189568,0.07303905491588515,0.6018930978810432,0.9269609450841149,0.7298687502821778
1a0d8c5d-3a1b-48ec-894a-12888c735955,0.1582891376823743,0.15830620217848237,0.15,deml,multiplex,1020333,1446799,348688,1369021,2467132,0.5864295060013003,0.2546987957087583,0.4135704939986997,0.7453012042912417,0.5319563635756969
1a0d8c5d-3a1b-48ec-894a-12888c735955,0.1582891376823743,0.15830620217848237,0.15,mdd,multiplex,1368808,6864140,213,1369021,8232948,0.8337402349680819,0.0001555856338215411,0.16625976503191808,0.9998444143661784,0.28510985611388656
1a0d8c5d-3a1b-48ec-894a-12888c735955,0.1582891376823743,0.15830620217848237,0.15,pamld,multiplex,1281019,945621,88002,1369021,2226640,0.4246851758703697,0.06428097158480403,0.5753148241296303,0.9357190284151959,0.7125360260602989
1a0d8c5d-3a1b-48ec-894a-12888c735955,0.1582891376823743,0.15830620217848237,0.15,pamld_ap,multiplex,1291783,948299,77238,1369021,2240082,0.423332270872227,0.056418418709428125,0.576667729127773,0.9435815812905719,0.7158471232325594
1a0d8c5d-3a1b-48ec-894a-12888c735955,0.1582891376823743,0.15830620217848237,0.15,pamld_u,multiplex,1295800,1620192,73221,1369021,2915992,0.5556229235196805,0.05348420513637117,0.44437707648031954,0.9465157948636288,0.6048056330284178
3c4383a7-3ce4-4ecd-8518-c9c7cb681e01,0.19164928300647516,0.19161565871769887,0.2,deml,multiplex,1000534,2452796,368487,1369021,3453330,0.7102697975577197,0.2691609551643108,0.28973020244228037,0.7308390448356892,0.4149569369794941
3c4383a7-3ce4-4ecd-8518-c9c7cb681e01,0.19164928300647516,0.19161565871769887,0.2,mdd,multiplex,1368822,8395112,199,1369021,9763934,0.859808351838511,0.0001453593480304539,0.14019164816148902,0.9998546406519695,0.24590452400104015
3c4383a7-3ce4-4ecd-8518-c9c7cb681e01,0.19164928300647516,0.19161565871769887,0.2,pamld,multiplex,1304231,1776021,64790,1369021,3080252,0.576583019830845,0.04732578974318144,0.42341698016915497,0.9526742102568185,0.5862670148583825
3c4383a7-3ce4-4ecd-8518-c9c7cb681e01,0.19164928300647516,0.19161565871769887,0.2,pamld_ap,multiplex,1305199,1777696,63822,1369021,3082895,0.5766320293101127,0.04661871512562627,0.42336797068988724,0.9533812848743737,0.5863538305754197
3c4383a7-3ce4-4ecd-8518-c9c7cb681e01,0.19164928300647516,0.19161565871769887,0.2,pamld_u,multiplex,1323305,2948225,45716,1369021,4271530,0.6902035102176504,0.0333932058018102,0.30979648978234964,0.9666067941981898,0.4692112525886212
6d9944ec-a347-4b09-8ebc-0e0b2e54875a,0.23144829314982965,0.23144203284069914,0.25,deml,multiplex,993763,3904320,375258,1369021,4898083,0.7971118496767,0.27410682524227165,0.20288815032329996,0.7258931747577283,0.3171362721920683
6d9944ec-a347-4b09-8ebc-0e0b2e54875a,0.23144829314982965,0.23144203284069914,0.25,mdd,multiplex,1368843,9959295,178,1369021,11328138,0.8791643428072645,0.00013001991934382306,0.12083565719273547,0.9998699800806562,0.2156140598066071
6d9944ec-a347-4b09-8ebc-0e0b2e54875a,0.23144829314982965,0.23144203284069914,0.25,pamld,multiplex,1326540,3124718,42481,1369021,4451258,0.701985371326488,0.031030203335083977,0.2980146286735121,0.968969796664916,0.4558338182757218
6d9944ec-a347-4b09-8ebc-0e0b2e54875a,0.23144829314982965,0.23144203284069914,0.25,pamld_ap,multiplex,1325511,3126378,43510,1369021,4451889,0.7022587490388912,0.031781835340728884,0.29774125096110887,0.9682181646592711,0.455430851877112
6d9944ec-a347-4b09-8ebc-0e0b2e54875a,0.23144829314982965,0.23144203284069914,0.25,pamld_u,multiplex,1345475,4977209,23546,1369021,6322684,0.7871987592610986,0.017199151802638528,0.2128012407389014,0.9828008481973615,0.34985091081886266
