Table S13: Differential expression test results for AWA vs. ASG neurons. ,,,,,
gene_id,symbol,q-value,AWA TPM,ASG TPM,"moderated log2
(AWA / ASG)"
WBGene00001537,gcy-11,4.00E-33,0.000,34402.276,-15.070
WBGene00003856,odr-10,1.19E-27,10706.606,0.000,13.386
WBGene00045208,F13E9.15,8.48E-21,8455.010,46.326,7.481
WBGene00008051,lron-4,2.03E-18,0.000,8935.960,-13.125
WBGene00016896,nep-4,7.96E-18,5544.833,0.000,12.437
WBGene00016114,flp-27,4.34E-16,248.732,12631.929,-5.661
WBGene00020385,nhr-216,1.84E-15,4165.644,7.200,8.989
WBGene00018258,F41B4.2,7.70E-15,0.000,6366.534,-12.636
WBGene00010236,F58B4.3,2.80E-14,0.000,5466.242,-12.416
WBGene00009216,F28D1.6,8.84E-13,0.000,4770.755,-12.220
WBGene00003740,nlp-2,2.21E-12,6068.311,198.768,4.925
WBGene00020582,oig-8,6.17E-12,2975.830,0.000,11.539
WBGene00012753,Y41C4A.6,8.78E-11,0.000,4081.612,-11.995
WBGene00021268,capa-1,1.58E-10,0.000,3690.414,-11.850
WBGene00013812,Y116A8C.40,1.98E-10,2542.263,0.000,11.312
WBGene00005105,srd-27,2.83E-10,2802.676,0.000,11.453
WBGene00005959,srx-68,2.93E-10,2584.954,0.000,11.336
WBGene00022374,nhr-277,4.66E-10,2456.795,0.000,11.263
WBGene00001541,gcy-15,5.77E-10,0.000,3195.273,-11.642
WBGene00003889,osm-9,1.61E-09,2099.597,0.000,11.036
WBGene00001491,frm-4,6.16E-09,0.000,2565.092,-11.325
WBGene00009543,F38E11.6,6.16E-09,0.000,2768.824,-11.435
WBGene00019428,dgk-5,6.56E-09,24.334,3384.292,-7.062
WBGene00001546,gcy-21,6.72E-09,0.000,2636.350,-11.364
WBGene00001495,frm-9,7.37E-09,0.000,3153.961,-11.623
WBGene00003838,ocr-1,1.06E-08,2122.984,0.000,11.052
WBGene00013639,Y105C5A.15,2.98E-08,2978.675,82.467,5.157
WBGene00019285,cbn-1,3.32E-08,2122.429,0.000,11.052
WBGene00002113,ins-30,3.53E-08,1844.328,7.200,7.813
WBGene00002026,hsp-70,7.15E-08,2251.208,0.000,11.136
WBGene00007553,C13G3.1,1.10E-07,1749.884,0.000,10.773
WBGene00022144,pghm-1,1.30E-07,490.605,6254.745,-3.669
WBGene00004740,scd-2,1.36E-07,5198.761,456.918,3.505
WBGene00011289,R102.2,3.73E-07,0.000,2121.043,-11.051
WBGene00004036,plc-1,1.18E-06,97.466,2869.467,-4.865
WBGene00003850,odr-3,1.75E-06,1319.375,0.000,10.366
WBGene00016868,C52B9.8,2.19E-06,1370.729,0.000,10.421
WBGene00020368,ast-1,4.68E-06,0.000,1549.397,-10.597
WBGene00007883,C33A12.4,5.06E-06,58.326,2388.103,-5.331
WBGene00000904,daf-8,5.36E-06,2475.535,85.186,4.844
WBGene00008997,lgc-31,1.36E-05,1194.764,0.000,10.223
WBGene00015740,C13E3.1,1.36E-05,1082.108,0.000,10.080
WBGene00001560,gei-3,1.48E-05,0.000,1464.652,-10.516
WBGene00021121,W09G12.7,2.29E-05,1043.661,0.000,10.027
WBGene00017979,F32B5.6,2.33E-05,0.000,1416.345,-10.468
WBGene00000485,che-3,2.44E-05,686.366,5318.195,-2.952
WBGene00009158,F26E4.3,3.22E-05,0.000,1316.761,-10.363
WBGene00010262,droe-4,3.22E-05,2578.138,179.087,3.840
WBGene00016801,C50C3.5,3.66E-05,1040.673,0.000,10.023
WBGene00002109,ins-26,3.74E-05,1255.980,14.400,6.350
WBGene00022593,ZC328.3,3.82E-05,0.000,1381.450,-10.432
WBGene00009562,flp-22,5.19E-05,62.675,1970.183,-4.951
WBGene00016289,lntl-1,5.19E-05,0.000,1113.910,-10.121
WBGene00045482,T03F6.9,5.85E-05,0.000,1261.953,-10.301
WBGene00015117,B0294.1,5.90E-05,1795.398,77.013,4.524
WBGene00006805,unc-73,7.76E-05,24.334,1591.987,-5.974
WBGene00000092,ags-3,8.09E-05,1259.970,32.423,5.236
WBGene00010425,lpin-1,8.09E-05,0.000,1355.421,-10.405
WBGene00008256,glb-12,8.30E-05,1055.140,0.000,10.043
WBGene00020854,T27C4.1,8.31E-05,4260.940,17771.618,-2.060
WBGene00007944,C34F6.10,9.85E-05,24.334,1543.558,-5.929
WBGene00001189,egl-21,0.00010176914524374,2045.475,9485.240,-2.213
WBGene00010200,F57C7.4,0.00010176914524374,58.052,1715.843,-4.861
WBGene00010453,fozi-1,0.00010176914524374,917.196,0.000,9.841
WBGene00011361,lyst-1,0.000122280343589908,0.000,1159.223,-10.179
WBGene00004106,pqn-15,0.000200265780415071,1200.518,14.400,6.285
WBGene00013902,ZC455.1,0.000301589977131604,0.000,1022.164,-9.997
WBGene00021543,Y43B11AR.1,0.0003356206315145,936.779,0.000,9.872
WBGene00002163,ist-1,0.000390707521277205,242.242,2472.452,-3.345
WBGene00000415,ced-1,0.000394955453882809,2216.545,237.045,3.219
WBGene00015418,pac-1,0.00042518210385966,2221.483,260.967,3.084
WBGene00018837,F54G2.1,0.000502394287009713,450.455,3196.273,-2.824
WBGene00000286,cal-2,0.000524746758379949,0.000,903.285,-9.819
WBGene00021755,hpo-38,0.00053273361620753,780.911,0.000,9.609
WBGene00014171,nep-26,0.00060972160989481,788.491,0.000,9.623
WBGene00001118,dyf-2,0.000721405699677739,6170.498,1530.134,2.011
WBGene00013481,Y69H2.3,0.000751722435217963,0.000,925.132,-9.854
WBGene00007984,irx-1,0.000846098793037985,0.000,907.385,-9.826
WBGene00015293,C01C4.3,0.000894088859271815,0.000,874.702,-9.773
WBGene00002084,ins-1,0.000915013031886548,705.710,0.000,9.463
WBGene00000900,daf-4,0.00122253688491385,1524.855,141.460,3.420
WBGene00002048,ida-1,0.00123158032841352,846.538,4362.397,-2.364
WBGene00006436,ttn-1,0.00127311148987227,4591.901,963.385,2.251
WBGene00001448,flp-5,0.00147665312054798,0.000,790.032,-9.626
WBGene00016415,ampd-1,0.00147665312054798,1052.961,45.329,4.506
WBGene00018117,nlp-47,0.00160972044936734,631.652,7.200,6.267
WBGene00021439,ckr-2,0.00168217758798476,0.000,795.651,-9.636
WBGene00009774,F46B6.9,0.00183198102415963,0.000,775.763,-9.599
WBGene00011428,T04C12.3,0.00201800096679568,329.087,2416.550,-2.872
WBGene00020114,pde-4,0.00203426237408271,1332.701,109.615,3.591
WBGene00006306,sue-1,0.00213043975563063,0.000,684.859,-9.420
WBGene00016977,akap-1,0.00231078894379978,556.534,3403.416,-2.610
WBGene00000277,cab-1,0.00283530619296507,2708.756,9137.538,-1.754
WBGene00019831,R02F2.1,0.00286322055300279,2593.982,470.812,2.459
WBGene00000670,col-95,0.00304050257425761,0.000,770.938,-9.590
WBGene00006527,tax-6,0.00382431644505419,1241.848,144.658,3.092
WBGene00017766,peli-1,0.00391755980454235,113.263,1419.651,-3.635
WBGene00000917,daf-25,0.00395342119601771,0.000,797.386,-9.639
WBGene00018089,F36D4.4,0.0056192284193692,0.000,518.876,-9.019
WBGene00012967,kvs-4,0.00564898616326947,1019.775,46.326,4.429
WBGene00020997,gpa-18,0.00590446853955437,1628.498,268.366,2.596
WBGene00017907,F28F9.3,0.00652761554568699,0.000,630.092,-9.299
WBGene00001980,hmr-1,0.00813716620182638,249.020,1797.970,-2.846
WBGene00008999,myrf-2,0.00868538099692731,1561.757,237.967,2.708
WBGene00010239,F58B4.6,0.00897938303315871,0.000,562.833,-9.137
WBGene00015299,C01F1.4,0.00944769116264514,28.016,830.852,-4.840
WBGene00020735,T23F2.2,0.00974814942359547,78.802,1256.822,-3.977
WBGene00009374,F34D10.4,0.0116941562479223,0.000,579.087,-9.178
WBGene00004032,pkc-1,0.0124485029812665,424.101,2212.117,-2.380
WBGene00007053,chd-7,0.0126128591363066,3903.779,1167.052,1.741
WBGene00019612,gpcp-1,0.0128982119096918,176.025,1400.961,-2.984
WBGene00003822,nsy-1,0.0143310867483186,754.111,54.720,3.759
WBGene00003620,nhr-21,0.0160660624547783,901.176,123.331,2.858
WBGene00010813,pitp-1,0.01678358563961,302.224,1656.699,-2.450
WBGene00004220,ptr-5,0.0170683159704323,692.125,64.193,3.408
WBGene00021522,nhr-274,0.0172056852724196,56.032,798.058,-3.807
WBGene00001037,dnj-19,0.0175887001579809,116.104,1194.031,-3.350
WBGene00000910,daf-14,0.0178907132840743,0.000,460.590,-8.847
WBGene00004414,rpl-3,0.0187620705958009,5470.939,1938.160,1.496
WBGene00019185,H10E21.5,0.0187620705958009,161.862,1169.443,-2.844
WBGene00004316,rbf-1,0.0188036051836623,955.319,76.923,3.616
WBGene00002088,ins-5,0.0190887156929589,520.225,14.400,5.078
WBGene00003163,mdl-1,0.0205441473016077,0.000,435.266,-8.766
WBGene00000149,apl-1,0.0256397136439529,3694.883,9506.769,-1.363
WBGene00012148,inos-1,0.0259328726361109,105.820,1104.655,-3.370
WBGene00019748,atg-2,0.0268004963820105,215.114,1440.174,-2.736
WBGene00019408,K05F1.6,0.0285562911751833,618.589,41.603,3.860
WBGene00004862,sma-9,0.0287836587740305,1482.172,293.144,2.333
WBGene00006752,unc-13,0.0289041991411262,2232.825,617.562,1.852
WBGene00016704,hosl-1,0.0291151069397788,0.000,438.051,-8.775
WBGene00004143,pqn-59,0.0326647059725589,1177.264,196.769,2.574
WBGene00003561,ncr-1,0.0333206251617451,291.877,1512.476,-2.369
WBGene00001851,hif-1,0.0336488960161343,1554.149,335.586,2.207
WBGene00004433,rpl-21,0.0426885665648695,218.782,1365.662,-2.635
WBGene00009375,F34D10.6,0.0427406454296441,295.335,1434.792,-2.276
WBGene00020209,T04C9.1,0.045883507726642,1323.424,259.864,2.343
WBGene00001168,eef-1A.1,0.0472927551166738,12052.683,5591.498,1.108
WBGene00001167,eef-2,0.0474176368169711,3647.186,1347.238,1.436
WBGene00000458,ceh-37,0.04809039882331,95.456,865.063,-3.165
WBGene00000545,clp-4,0.04809039882331,1438.736,332.681,2.108
WBGene00000288,cal-4,0.051088906020001,708.217,112.613,2.640
WBGene00002007,hsp-3,0.051088906020001,236.252,1207.292,-2.347
WBGene00017571,jmjd-3.1,0.051088906020001,701.939,91.481,2.924
WBGene00017657,F21C10.7,0.051088906020001,738.913,72.657,3.327
WBGene00011060,R06C1.6,0.0564536070013969,85.571,711.771,-3.039
WBGene00010012,saeg-1,0.057776631802231,1347.473,3770.364,-1.483
WBGene00000912,daf-16,0.0582676701261418,1104.519,248.550,2.146
WBGene00004445,rpl-31,0.0607034591477795,524.235,1955.203,-1.896
WBGene00009583,aagr-3,0.0607034591477795,58.052,668.520,-3.501
WBGene00022518,zfh-2,0.0623254154852477,44.731,506.110,-3.468
WBGene00002232,kpc-1,0.064605146256217,593.556,63.255,3.208
WBGene00003401,mpk-1,0.0660448292311304,806.545,142.255,2.493
WBGene00011392,sbt-1,0.0660448292311304,1776.256,4687.456,-1.399
WBGene00000903,daf-7,0.06853435490131,287.810,1292.800,-2.162
WBGene00000528,clh-1,0.0694531135239547,1688.472,446.916,1.914
WBGene00001753,gst-5,0.0717658594984133,44.731,513.558,-3.489
WBGene00003073,lars-1,0.0864139211559612,1004.135,249.633,2.002
WBGene00011629,T08G11.1,0.0882569565386373,1287.737,360.268,1.834
WBGene00004408,rla-0,0.0886490870872878,6558.154,2954.159,1.150
WBGene00014051,spv-1,0.0891207620887864,355.073,1442.473,-2.018
WBGene00004204,swsn-4,0.0906491056717912,1027.073,245.350,2.060
WBGene00012216,W02D9.10,0.0995699267496904,2404.613,902.396,1.412
WBGene00017973,ift-81,0.105767904224132,60.792,567.481,-3.199
WBGene00003892,osm-12,0.107963999341297,79.468,671.678,-3.061
WBGene00018872,F55C12.5,0.107963999341297,1738.859,581.302,1.578
WBGene00000915,daf-21,0.111338274521676,6014.952,2870.137,1.067
WBGene00010962,ctc-3,0.111338274521676,2880.945,1128.774,1.351
WBGene00012644,rabx-5,0.111338274521676,669.416,2033.898,-1.601
WBGene00004063,pmr-1,0.115866413242267,68.516,746.727,-3.425
WBGene00016650,ubr-4,0.115866413242267,1830.875,628.153,1.541
WBGene00017699,flcn-1,0.118894680617794,252.968,1247.361,-2.296
WBGene00021890,Y54G2A.26,0.118934810459587,250.930,1041.417,-2.047
WBGene00009579,arrd-6,0.120262084170891,655.157,112.928,2.524
WBGene00010965,ctc-2,0.121267338936274,5562.177,2625.956,1.082
WBGene00012340,dct-15,0.121267338936274,57.179,482.658,-3.052
WBGene00000490,che-11,0.123560904136836,485.488,1607.084,-1.724
WBGene00000793,crh-1,0.123560904136836,2125.558,734.758,1.531
WBGene00004719,sad-1,0.123560904136836,630.109,1925.815,-1.610
WBGene00009692,F44E5.5,0.123560904136836,2538.978,963.513,1.396
WBGene00001172,egl-3,0.123860979053184,3291.286,6616.819,-1.007
WBGene00003653,nhr-63,0.123860979053184,32.661,460.691,-3.775
WBGene00004148,pqn-65,0.123860979053184,1440.602,503.199,1.515
WBGene00011545,T06G6.3,0.123860979053184,99.030,607.584,-2.603
WBGene00015767,hex-2,0.123860979053184,124.596,763.193,-2.603
WBGene00001194,egl-27,0.126367788653745,67.927,524.807,-2.929
WBGene00001685,gpd-3,0.130479897241035,1324.343,448.242,1.560
WBGene00010967,nduo-5,0.133446865010702,2917.722,1210.054,1.269
WBGene00010744,K10D6.4,0.135320934464979,94.613,571.104,-2.578
WBGene00007016,mdt-15,0.136587399467975,1420.646,420.513,1.753
WBGene00010957,nduo-6,0.136587399467975,919.787,244.432,1.906
WBGene00004138,pqn-53,0.145513359752337,621.724,137.870,2.163
WBGene00001648,goa-1,0.153272456216517,1019.466,258.350,1.975
WBGene00009201,F28C1.3,0.156915357953374,661.438,140.716,2.223
WBGene00001994,hpk-1,0.157956811360502,1649.860,610.997,1.431
WBGene00004729,sax-3,0.157956811360502,1099.510,337.464,1.700
WBGene00016315,C32D5.7,0.163003723059595,158.656,753.364,-2.238
WBGene00004416,rpl-5,0.163305055186743,4228.763,2098.261,1.010
WBGene00020208,T04C4.1,0.165213214372121,554.080,127.824,2.105
WBGene00001898,his-24,0.175273529865004,587.167,121.477,2.261
WBGene00000223,atf-7,0.176058147525158,1321.724,499.878,1.400
WBGene00017671,pgal-1,0.179163021742183,3033.845,5851.304,-0.947
WBGene00004739,scd-1,0.179623567368409,232.062,930.933,-1.998
WBGene00000065,act-3,0.19741043073004,1287.528,461.644,1.477
WBGene00004760,sel-2,0.19741043073004,723.964,212.306,1.763
WBGene00012005,jun-1,0.19741043073004,394.977,1353.757,-1.773
WBGene00018572,lin-42,0.205510956197388,133.560,570.404,-2.084
WBGene00004498,rps-29,0.214262882322057,58.052,446.761,-2.919
WBGene00004436,rpl-24.1,0.215015683068096,1211.558,2755.974,-1.185
WBGene00008920,eef-1G,0.215015683068096,1955.499,880.940,1.149
WBGene00001538,gcy-12,0.21615722533956,844.638,228.873,1.877
WBGene00000367,cca-1,0.220761434131071,368.145,1225.138,-1.731
WBGene00002295,let-19,0.220761434131071,1314.637,462.301,1.505
WBGene00003630,nhr-40,0.220761434131071,896.408,261.178,1.774
WBGene00004415,rpl-4,0.220761434131071,8406.674,4853.793,0.792
WBGene00004426,rpl-14,0.220761434131071,424.494,1386.726,-1.704
WBGene00000396,cdh-4,0.224107617073783,802.747,209.781,1.929
WBGene00023068,rpl-41.2,0.23061691593966,243.216,975.662,-1.998
WBGene00004980,spk-1,0.231243214771186,538.390,129.103,2.049
WBGene00007058,dmd-6,0.231243214771186,771.899,227.306,1.757
WBGene00021936,Y55F3BL.2,0.24933916746162,930.054,300.772,1.624
WBGene00003690,nhr-100,0.251280740242825,671.317,176.013,1.923
WBGene00006483,dgk-4,0.255565719585586,1070.907,391.774,1.447
WBGene00018700,lmd-3,0.260802341641475,453.966,1248.211,-1.456
WBGene00003052,lmn-1,0.263173413767232,748.085,246.818,1.594
WBGene00004364,ric-4,0.265828039930568,315.904,1130.184,-1.834
WBGene00010730,ensa-1,0.270408019554273,871.108,313.045,1.472
WBGene00004499,rps-30,0.279586446462755,255.929,804.814,-1.647
WBGene00003048,lit-1,0.294456573162964,1428.233,647.809,1.138
WBGene00004435,rpl-23,0.295476552894393,448.489,1263.524,-1.491
WBGene00022419,Y102A11A.9,0.300133230293837,52.910,407.406,-2.918
WBGene00004432,rpl-20,0.307228939355058,908.843,1981.087,-1.123
WBGene00004470,rps-1,0.311905336195852,3859.829,2152.478,0.842
WBGene00004472,rps-3,0.311905336195852,900.083,1919.601,-1.091
WBGene00011474,aldo-1,0.313499485023015,874.421,318.650,1.452
WBGene00004167,pqn-87,0.315908179223049,1473.588,670.283,1.134
WBGene00003003,lin-14,0.316009202499314,477.971,1195.663,-1.320
WBGene00015303,rga-6,0.316009202499314,779.832,236.100,1.718
WBGene00016250,hsp-110,0.321301628378607,1005.008,421.749,1.249
WBGene00006975,zfp-1,0.321953776204844,1241.762,506.137,1.292
WBGene00010427,hpo-11,0.326251531618752,502.153,160.027,1.641
WBGene00004485,rps-16,0.335972092699813,562.978,1305.066,-1.210
WBGene00003060,lpd-3,0.336434189113242,457.643,1094.891,-1.255
WBGene00018604,uggt-1,0.336434189113242,811.137,269.729,1.583
WBGene00022635,ZC581.9,0.343228211637456,347.267,972.503,-1.482
WBGene00016044,C24B5.1,0.345672865027607,335.959,952.225,-1.499
WBGene00002262,ldh-1,0.34704597531165,430.541,111.931,1.931
WBGene00004427,rpl-15,0.34704597531165,1790.775,3231.179,-0.851
WBGene00004441,rpl-27,0.34704597531165,727.945,1733.459,-1.250
WBGene00009584,drap-1,0.34704597531165,592.772,191.067,1.626
WBGene00015232,B0511.6,0.34704597531165,606.770,171.596,1.814
WBGene00002000,hrp-2,0.347803569105277,606.745,1401.101,-1.205
WBGene00001561,gei-4,0.347864369616855,234.050,792.098,-1.753
WBGene00006742,unc-2,0.347864369616855,200.371,658.266,-1.709
WBGene00012973,spat-2,0.351338300724626,586.684,169.982,1.779
WBGene00008505,F01G4.6,0.352224772631773,470.810,1203.995,-1.352
WBGene00001679,gpb-1,0.354255691523503,2995.318,1709.503,0.808
WBGene00002344,let-70,0.354255691523503,796.856,256.408,1.630
WBGene00009052,ekl-1,0.354255691523503,482.506,137.478,1.801
WBGene00006772,unc-36,0.360376531233657,974.645,392.268,1.309
WBGene00019322,ahcy-1,0.360376531233657,1329.109,628.917,1.077
WBGene00001345,fos-1,0.367391701305847,241.087,757.581,-1.646
WBGene00001488,frm-1,0.371701910026518,221.459,632.527,-1.508
WBGene00003963,pdi-2,0.379542275076872,169.811,682.911,-1.999
WBGene00000829,ctb-1,0.380019472915696,4365.699,2619.530,0.736
WBGene00011507,T05H10.1,0.380019472915696,558.209,171.088,1.698
WBGene00009716,F44G4.7,0.384218131893505,1161.156,440.772,1.394
WBGene00011771,T14G8.3,0.388688139723672,261.835,803.569,-1.612
WBGene00000262,bra-1,0.389135463346923,570.418,1275.536,-1.158
WBGene00000938,dcp-66,0.389135463346923,699.454,250.437,1.476
WBGene00010316,F59B8.1,0.389135463346923,569.358,164.136,1.786
WBGene00010960,atp-6,0.389135463346923,2498.244,1473.316,0.761
WBGene00016961,vps-32.1,0.389135463346923,105.219,394.698,-1.894
WBGene00017066,maco-1,0.389135463346923,964.599,395.690,1.282
WBGene00012097,abcf-2,0.390713158465194,1237.490,556.450,1.151
WBGene00004483,rps-14,0.395059681547968,1654.425,2930.940,-0.824
WBGene00016935,ifta-1,0.395266311327175,254.389,745.365,-1.545
WBGene00001475,fmi-1,0.417682665318267,327.500,759.987,-1.210
WBGene00003903,pab-2,0.421159110125608,876.821,427.272,1.034
WBGene00015868,C16H3.3,0.421159110125608,332.273,1012.214,-1.603
WBGene00004413,rpl-2,0.425109861455677,191.566,676.126,-1.812
WBGene00001909,his-35,0.432358190293368,476.740,1159.119,-1.279
WBGene00019521,dmd-7,0.44188154306556,981.678,490.340,0.999
WBGene00001502,ftt-2,0.442761783670292,2567.806,1608.499,0.674
WBGene00001173,egl-4,0.454239309732764,735.472,307.189,1.255
WBGene00006755,unc-16,0.454239309732764,631.258,243.496,1.368
WBGene00010419,H28O16.1,0.456387211952694,560.667,202.561,1.462
WBGene00006528,tba-1,0.465027840055369,817.577,340.242,1.261
WBGene00019871,R04E5.8,0.465367357586024,1189.533,646.345,0.878
WBGene00016703,rdl-1,0.467420001502909,745.726,287.208,1.372
WBGene00001187,egl-19,0.469192782924672,1056.915,568.651,0.892
WBGene00004215,ptp-3,0.469192782924672,186.297,587.955,-1.650
WBGene00008443,pde-3,0.469192782924672,260.728,638.868,-1.287
WBGene00009050,F22D6.2,0.469192782924672,419.369,985.917,-1.230
WBGene00009119,ndk-1,0.472493363601743,1538.068,774.045,0.989
WBGene00001008,dlk-1,0.473753331012442,266.891,647.652,-1.274
WBGene00001837,hda-4,0.473753331012442,775.602,303.640,1.348
WBGene00012117,T28B11.1,0.473753331012442,738.463,348.544,1.079
WBGene00004486,rps-17,0.476744048727807,822.533,396.252,1.050
WBGene00006476,rhgf-2,0.482127408417968,622.764,246.155,1.333
WBGene00004490,rps-21,0.483173483243161,778.850,366.831,1.082
WBGene00011261,nphp-4,0.485312891345595,402.790,886.842,-1.135
WBGene00004471,rps-2,0.491765802730538,1599.258,2770.067,-0.792
WBGene00004475,rps-6,0.491765802730538,707.407,1373.066,-0.955
WBGene00011299,ikke-1,0.492637447838432,241.542,659.923,-1.444
WBGene00019888,btbd-10,0.495217692456823,374.356,144.308,1.365
WBGene00001169,eef-1A.2,0.501485354510063,1422.358,2435.849,-0.775
WBGene00003166,mec-2,0.501485354510063,1253.660,675.627,0.890
WBGene00004921,snt-1,0.501485354510063,684.598,277.201,1.299
WBGene00012289,W05H12.1,0.501485354510063,126.113,434.019,-1.772
WBGene00016097,C25E10.8,0.501485354510063,219.627,655.892,-1.572
WBGene00002999,lin-10,0.512241386034815,110.962,414.042,-1.887
WBGene00017675,F21F3.6,0.512241386034815,1984.532,1149.411,0.787
WBGene00020930,hlh-30,0.512241386034815,207.159,555.282,-1.416
WBGene00011737,sqst-1,0.514283813589997,332.474,863.909,-1.373
WBGene00002179,jph-1,0.516707325506307,623.174,301.618,1.042
WBGene00004480,rps-11,0.516707325506307,1004.119,1739.519,-0.791
WBGene00019324,K02F2.5,0.518409762918223,697.715,348.099,0.999
WBGene00004424,rpl-12,0.521334792528179,1297.917,2187.024,-0.752
WBGene00006959,xbp-1,0.522576567358812,367.604,851.526,-1.208
WBGene00016235,C29H12.2,0.522576567358812,627.102,304.849,1.036
WBGene00022748,oaz-1,0.522576567358812,492.237,207.788,1.237
WBGene00019733,M02E1.1,0.525329996870092,110.460,440.150,-1.981
WBGene00006632,tsp-6,0.527631800790712,550.043,1091.326,-0.986
WBGene00016454,C35E7.2,0.528775990216543,640.131,327.383,0.963
WBGene00018468,tag-80,0.532472914207029,3082.030,4550.627,-0.562
WBGene00006579,tlk-1,0.532719323371853,147.694,450.865,-1.600
WBGene00011304,mnk-1,0.532719323371853,213.725,503.297,-1.229
WBGene00016975,nhr-173,0.54191894012581,166.742,466.393,-1.475
WBGene00017121,cyc-2.1,0.542207569092336,307.435,728.628,-1.240
WBGene00012660,Y39A1A.24,0.544970573093097,545.692,1043.503,-0.933
WBGene00000518,ckk-1,0.554333939142831,556.407,231.051,1.262
WBGene00001081,dpy-22,0.554333939142831,868.826,1578.597,-0.860
WBGene00004450,rpl-36,0.554333939142831,471.039,858.891,-0.864
WBGene00000229,atp-2,0.559295578074321,654.788,313.548,1.058
WBGene00003637,nhr-47,0.567955919914379,180.989,449.275,-1.304
WBGene00015735,pdfr-1,0.573944532537195,136.878,406.400,-1.560
WBGene00008434,D2089.3,0.574386494967197,159.642,405.734,-1.337
WBGene00004434,rpl-22,0.57873699594804,425.436,868.395,-1.026
WBGene00004409,rla-1,0.589282864570802,3239.210,2099.687,0.625
WBGene00000377,cct-1,0.594990254531195,476.832,223.062,1.090
WBGene00010260,ddx-17,0.599219183541839,732.946,428.849,0.770
WBGene00001080,dpy-21,0.605749974114705,1609.449,992.892,0.695
WBGene00006801,unc-68,0.606326337103752,1795.276,2801.349,-0.641
WBGene00006727,ubq-1,0.610430505774742,579.667,947.627,-0.707
WBGene00006798,unc-64,0.610430505774742,648.902,307.700,1.072
WBGene00001127,dyf-11,0.612965540374033,148.677,401.169,-1.422
WBGene00010244,F58D5.5,0.612965540374033,407.126,180.818,1.163
WBGene00022696,ZK328.7,0.618456653024119,98.052,348.087,-1.813
WBGene00002244,laf-1,0.620239739549101,194.440,436.332,-1.159
WBGene00004440,rpl-26,0.620239739549101,473.075,863.363,-0.865
WBGene00000140,anc-1,0.623131810359505,881.646,574.786,0.615
WBGene00007877,nfki-1,0.623131810359505,889.064,486.734,0.866
WBGene00006439,ant-1.1,0.625909765684301,1631.108,1063.208,0.616
WBGene00001746,gsk-3,0.631518258280562,163.188,419.261,-1.352
WBGene00004128,pqn-41,0.631518258280562,945.810,1532.299,-0.695
WBGene00010796,clip-1,0.631518258280562,512.357,243.252,1.069
WBGene00009888,F49E2.5,0.631594104404307,1379.339,2139.235,-0.632
WBGene00002192,kin-4,0.631910444953975,126.877,391.788,-1.615
WBGene00006753,unc-14,0.631910444953975,244.815,586.172,-1.254
WBGene00010964,ctc-1,0.631910444953975,11882.488,9121.445,0.381
WBGene00011884,enol-1,0.631910444953975,330.324,139.797,1.230
WBGene00021697,gcn-1,0.647128371446054,560.813,286.514,0.964
WBGene00003916,par-1,0.653374042884628,487.476,261.382,0.894
WBGene00021597,spsb-1,0.653374042884628,269.992,560.263,-1.048
WBGene00011259,miz-1,0.654319744250126,545.019,960.935,-0.815
WBGene00002005,hsp-1,0.65490248957223,1793.929,1199.775,0.579
WBGene00004923,snt-3,0.65490248957223,261.056,548.170,-1.065
WBGene00009460,ubr-5,0.65490248957223,1062.895,637.316,0.736
WBGene00009580,xbx-6,0.65490248957223,257.243,538.076,-1.059
WBGene00022389,pde-6,0.65490248957223,198.059,484.046,-1.282
WBGene00001121,dyf-5,0.669684738657431,501.401,264.941,0.915
WBGene00004357,rho-1,0.669684738657431,1382.325,923.836,0.580
WBGene00004924,snt-4,0.669684738657431,1035.577,1576.677,-0.605
WBGene00001262,emb-8,0.670874833736397,181.404,427.806,-1.230
WBGene00010731,K10C3.4,0.676155217081184,460.632,246.937,0.894
WBGene00002189,kin-1,0.676856345732373,366.365,696.893,-0.924
WBGene00003901,paa-1,0.676856345732373,157.653,412.712,-1.379
WBGene00004489,rps-20,0.676856345732373,1282.379,817.068,0.649
WBGene00012121,T28C6.7,0.676856345732373,578.422,346.241,0.736
WBGene00004732,sax-7,0.682270316402313,284.083,567.832,-0.994
WBGene00007752,wdfy-3,0.682270316402313,396.123,217.718,0.857
WBGene00019995,R10F2.4,0.683015808711399,381.207,646.624,-0.759
WBGene00021328,npr-23,0.683015808711399,127.477,296.910,-1.209
WBGene00016194,C28H8.3,0.695116464360527,579.773,346.334,0.739
WBGene00004457,rpm-1,0.699284104697399,740.001,468.462,0.657
WBGene00006699,uba-1,0.706085123679763,650.867,443.868,0.549
WBGene00009126,pyk-1,0.706085123679763,300.467,127.677,1.223
WBGene00004336,ret-1,0.710786353428114,292.497,548.221,-0.901
WBGene00011146,pde-2,0.710786353428114,644.155,1050.282,-0.703
WBGene00002217,klp-4,0.713376620330398,871.050,531.777,0.709
WBGene00004479,rps-10,0.713963842197323,1515.740,1059.728,0.515
WBGene00003404,mpz-1,0.717476958886242,843.989,523.554,0.686
WBGene00003407,mrp-1,0.717476958886242,570.776,324.880,0.809
WBGene00009534,F38B7.3,0.717476958886242,356.073,604.827,-0.760
WBGene00015790,C15C7.4,0.717476958886242,706.116,1085.303,-0.618
WBGene00000066,act-4,0.722193519540645,378.155,641.963,-0.760
WBGene00000162,apd-3,0.722824840421791,217.498,484.941,-1.150
WBGene00007892,C33B4.4,0.724979477440849,211.144,405.979,-0.936
WBGene00022042,icd-2,0.724979477440849,514.832,258.054,0.991
WBGene00000380,cct-5,0.72716304621373,415.300,722.559,-0.795
WBGene00010700,nipi-3,0.72716304621373,595.331,1046.224,-0.811
WBGene00016603,met-1,0.72716304621373,757.217,442.720,0.771
WBGene00018953,F56C9.10,0.72716304621373,359.667,601.734,-0.738
WBGene00007054,scpl-1,0.734750693850563,278.329,510.998,-0.871
WBGene00001558,gdi-1,0.737788979217651,207.674,379.492,-0.863
WBGene00011423,ipla-7,0.737788979217651,897.165,555.574,0.689
WBGene00012100,sipa-1,0.737788979217651,456.194,291.393,0.642
WBGene00004477,rps-8,0.739461537110902,1655.036,2262.116,-0.450
WBGene00011263,R13H4.5,0.74066244763228,77.245,217.407,-1.474
WBGene00021316,Y32H12A.8,0.744671333643772,555.687,291.412,0.926
WBGene00004482,rps-13,0.748910320365475,1537.073,1109.229,0.469
WBGene00008549,din-1,0.748910320365475,1246.688,1772.495,-0.507
WBGene00006780,unc-44,0.74966728806327,4460.632,5580.262,-0.323
WBGene00002222,klp-11,0.754616606808248,496.990,295.796,0.744
WBGene00006803,unc-70,0.754616606808248,949.755,685.732,0.468
WBGene00006352,sur-6,0.766514808380422,266.568,167.947,0.658
WBGene00004420,rpl-9,0.766886237101788,1675.938,2329.094,-0.474
WBGene00002202,kin-19,0.770212922608994,312.098,515.087,-0.718
WBGene00002637,let-418,0.770212922608994,209.692,335.746,-0.672
WBGene00003883,osm-1,0.770212922608994,283.102,539.095,-0.924
WBGene00004428,rpl-16,0.770212922608994,2037.811,1556.739,0.388
WBGene00008852,ubql-1,0.770212922608994,166.643,291.545,-0.798
WBGene00009122,tct-1,0.770212922608994,727.952,476.337,0.609
WBGene00011480,enpl-1,0.770212922608994,407.837,662.602,-0.697
WBGene00012019,dkf-2,0.770212922608994,784.893,1165.725,-0.569
WBGene00016748,aexr-3,0.770212922608994,159.820,298.423,-0.892
WBGene00001258,emb-4,0.770907730994854,562.267,362.173,0.631
WBGene00004492,rps-23,0.770907730994854,1497.842,2127.704,-0.505
WBGene00012528,pap-1,0.77105979613865,307.187,171.922,0.829
WBGene00004373,rme-1,0.771457368873865,407.202,255.304,0.668
WBGene00018898,F55F10.1,0.771457368873865,427.521,271.771,0.648
WBGene00000366,cbp-1,0.77226456621942,524.148,817.119,-0.638
WBGene00010199,bet-2,0.77226456621942,366.122,212.012,0.781
WBGene00044650,Y71G10AR.4,0.772550260976872,372.129,610.334,-0.710
WBGene00016706,C46C11.3,0.777287975129862,200.871,434.871,-1.107
WBGene00012348,pptr-1,0.782625998950085,359.605,622.186,-0.787
WBGene00000482,chd-3,0.785541830821124,810.039,1132.204,-0.481
WBGene00000231,atx-2,0.787931727271849,188.274,386.972,-1.032
WBGene00001086,dpy-27,0.787931727271849,751.416,1124.594,-0.580
WBGene00004131,pqn-44,0.787931727271849,495.133,735.403,-0.568
WBGene00000901,daf-5,0.796749033643879,999.391,1344.869,-0.427
WBGene00000833,cts-1,0.802562215274939,239.850,370.391,-0.621
WBGene00003902,pab-1,0.802562215274939,1967.154,1504.591,0.386
WBGene00004053,tank-1,0.802562215274939,348.448,539.724,-0.627
WBGene00010963,nduo-4,0.802562215274939,3144.896,2565.847,0.293
WBGene00022336,Y82E9BR.3,0.802562215274939,645.648,412.540,0.643
WBGene00007027,ssl-1,0.80519814221798,453.376,322.711,0.486
WBGene00008878,ppfr-1,0.806073459352863,236.495,399.405,-0.750
WBGene00000567,cnx-1,0.806248535654499,423.886,244.489,0.788
WBGene00007091,eri-12,0.810506483544848,230.277,496.645,-1.103
WBGene00001137,eat-6,0.81416149116815,366.205,506.835,-0.465
WBGene00001145,eat-16,0.81416149116815,174.806,264.325,-0.588
WBGene00004473,rps-4,0.81416149116815,1646.656,2107.252,-0.355
WBGene00004484,rps-15,0.81416149116815,426.463,657.804,-0.622
WBGene00044068,syd-9,0.81416149116815,323.072,540.730,-0.739
WBGene00012179,W01D2.1,0.818197220864332,180.536,326.550,-0.847
WBGene00004418,rpl-7,0.824423444294527,2439.140,2953.867,-0.276
WBGene00000472,cey-1,0.824648095706312,862.036,1133.042,-0.393
WBGene00000802,crt-1,0.824648095706312,2240.593,2954.316,-0.398
WBGene00003818,nsf-1,0.828024781970423,412.669,305.194,0.431
WBGene00003519,nac-3,0.832026309386441,256.862,457.502,-0.827
WBGene00009920,abts-1,0.832026309386441,1204.485,1502.236,-0.317
WBGene00013415,Y64G10A.6,0.832026309386441,263.240,444.508,-0.750
WBGene00016407,C34D10.2,0.832026309386441,187.591,323.869,-0.780
WBGene00001565,gei-8,0.832907907722523,531.119,739.387,-0.475
WBGene00003728,nhr-138,0.832907907722523,297.107,201.145,0.556
WBGene00003964,pdi-3,0.832907907722523,387.301,589.726,-0.603
WBGene00004474,rps-5,0.832907907722523,1689.021,2148.689,-0.346
WBGene00006595,top-1,0.832907907722523,206.378,333.386,-0.685
WBGene00001440,fkh-8,0.836675981112255,268.143,431.588,-0.681
WBGene00015328,C02B10.3,0.836675981112255,388.300,616.011,-0.662
WBGene00016173,fust-1,0.836675981112255,237.797,342.410,-0.520
WBGene00020251,camt-1,0.836675981112255,521.049,749.147,-0.521
WBGene00006525,tax-2,0.839522582327689,262.674,434.001,-0.719
WBGene00004207,ptb-1,0.839632850281809,343.192,482.736,-0.488
WBGene00022235,sqd-1,0.845640478304613,580.273,370.526,0.643
WBGene00001971,hmg-1.1,0.847987816132751,156.980,243.186,-0.622
WBGene00003559,ncl-1,0.847987816132751,853.683,1135.626,-0.410
WBGene00004454,rpl-36.A,0.847987816132751,1370.109,1153.548,0.247
WBGene00004476,rps-7,0.847987816132751,1880.291,1529.554,0.297
WBGene00017858,F27C1.11,0.847987816132751,736.601,565.691,0.378
WBGene00020894,T28D9.1,0.847987816132751,452.272,665.177,-0.553
WBGene00012894,tbc-17,0.857969759840525,246.288,163.588,0.581
WBGene00022500,lfi-1,0.857969759840525,862.552,1181.653,-0.452
WBGene00000552,cmd-1,0.86297106318513,962.075,1231.342,-0.355
WBGene00001748,gsp-2,0.86297106318513,495.324,698.938,-0.494
WBGene00006537,tbb-2,0.86297106318513,1230.632,986.393,0.318
WBGene00001439,fkh-7,0.867428193863935,1353.065,1738.473,-0.361
WBGene00021350,Y37E3.8,0.867428193863935,1028.526,1308.476,-0.346
WBGene00004456,rpl-43,0.872207709417993,470.005,582.769,-0.307
WBGene00010006,F53H2.3,0.872207709417993,1182.356,1469.448,-0.312
WBGene00003920,par-5,0.877227313791228,1948.582,1605.453,0.279
WBGene00006331,sup-26,0.877227313791228,507.176,374.203,0.435
WBGene00017900,F28E10.1,0.877227313791228,507.832,673.760,-0.405
WBGene00006779,unc-43,0.878912180351482,1642.754,1945.213,-0.243
WBGene00004417,rpl-6,0.880020666254265,1809.824,2228.416,-0.299
WBGene00013899,ZC443.4,0.881383750611426,1010.777,777.869,0.376
WBGene00018847,marc-6,0.881383750611426,367.344,259.169,0.498
WBGene00004448,rpl-34,0.881759008935475,433.110,593.052,-0.450
WBGene00003218,mep-1,0.889523499716808,277.077,381.790,-0.457
WBGene00019188,H11E01.3,0.889523499716808,843.890,668.948,0.333
WBGene00003476,mtm-3,0.893973755149468,858.358,699.014,0.294
WBGene00004147,larp-5,0.893973755149468,465.861,359.703,0.369
WBGene00009717,dep-1,0.893973755149468,872.746,1077.846,-0.303
WBGene00011867,chc-1,0.893973755149468,482.377,383.082,0.329
WBGene00018869,rfip-1,0.893973755149468,1214.274,1519.275,-0.322
WBGene00001562,lin-66,0.894605800159665,302.024,220.864,0.445
WBGene00004430,rpl-18,0.895529278382907,2415.221,2869.774,-0.248
WBGene00000064,act-2,0.902115722924617,744.558,626.072,0.248
WBGene00003040,lin-59,0.902115722924617,580.837,754.615,-0.375
WBGene00004493,rps-24,0.905020477543832,744.394,607.906,0.290
WBGene00000403,casy-1,0.923397633095764,5979.394,5381.755,0.152
WBGene00004423,rpl-11.2,0.923397633095764,2474.473,2818.968,-0.187
WBGene00018051,che-10,0.923397633095764,1369.721,1202.901,0.186
WBGene00006833,unc-108,0.925107674535366,230.847,286.062,-0.303
WBGene00006923,vhp-1,0.927522169104659,377.524,280.076,0.426
WBGene00008555,F07C6.4,0.93118677141834,585.995,469.125,0.318
WBGene00000170,aqp-2,0.932057849544425,775.654,650.601,0.251
WBGene00001431,fkb-6,0.932057849544425,189.737,303.689,-0.671
WBGene00001684,gpd-2,0.932057849544425,506.640,631.910,-0.316
WBGene00002027,hsr-9,0.932057849544425,324.242,301.463,0.100
WBGene00002176,jip-1,0.932057849544425,299.168,408.108,-0.443
WBGene00002981,lgg-2,0.932057849544425,438.542,567.914,-0.370
WBGene00004410,rla-2,0.932057849544425,751.805,635.279,0.241
WBGene00004431,rpl-19,0.932057849544425,2375.411,2723.808,-0.197
WBGene00004438,rpl-25.1,0.932057849544425,456.095,548.187,-0.262
WBGene00006831,unc-104,0.932057849544425,568.406,734.066,-0.366
WBGene00007433,swsn-7,0.932057849544425,678.418,572.697,0.242
WBGene00013898,ZC443.3,0.932057849544425,454.564,350.119,0.373
WBGene00014261,shk-1,0.932057849544425,265.112,329.832,-0.310
WBGene00016405,hecd-1,0.932057849544425,739.677,846.364,-0.192
WBGene00022745,ZK470.2,0.932057849544425,686.006,588.558,0.219
WBGene00003516,nab-1,0.934981646948212,356.144,275.019,0.368
WBGene00006777,unc-41,0.934981646948212,953.192,1049.426,-0.137
WBGene00009691,F44E5.4,0.934981646948212,1764.842,1505.863,0.228
WBGene00004444,rpl-30,0.937640387057203,364.803,474.789,-0.376
WBGene00007028,trr-1,0.939137141179833,422.893,327.045,0.366
WBGene00011300,R107.5,0.939209926946425,348.672,452.859,-0.373
WBGene00004187,prp-8,0.939473424974675,527.152,650.258,-0.300
WBGene00001574,gei-17,0.946314676661732,567.744,657.484,-0.209
WBGene00015007,ain-2,0.946314676661732,257.810,211.023,0.282
WBGene00004951,spc-1,0.946785627541742,1019.721,1147.152,-0.168
WBGene00006529,tba-2,0.946785627541742,655.580,529.968,0.304
WBGene00007352,cdc-48.1,0.947260924712104,521.898,665.213,-0.347
WBGene00003915,pan-1,0.948998842665734,203.396,250.552,-0.294
WBGene00003858,ogt-1,0.958759419300628,899.891,805.086,0.159
WBGene00004452,rpl-38,0.958759419300628,813.396,726.073,0.162
WBGene00004491,rps-22,0.958759419300628,554.470,419.012,0.401
WBGene00004751,sea-2,0.958759419300628,894.450,779.213,0.197
WBGene00006594,tom-1,0.958759419300628,312.780,423.335,-0.432
WBGene00013859,ZC247.1,0.958759419300628,987.923,1148.773,-0.216
WBGene00020679,ogdh-1,0.958759419300628,418.764,349.542,0.257
WBGene00004412,rpl-1,0.96081640654026,1877.884,2046.128,-0.123
WBGene00004429,rpl-17,0.961608229905001,1299.992,1185.335,0.132
WBGene00000962,dhc-1,0.962794383833658,822.578,716.947,0.196
WBGene00004487,rps-18,0.962794383833658,945.157,909.784,0.053
WBGene00006712,ubc-17,0.962794383833658,337.104,294.489,0.190
WBGene00006791,unc-57,0.962794383833658,352.734,295.871,0.249
WBGene00006876,vab-10,0.962794383833658,402.378,457.075,-0.180
WBGene00007534,C12D8.1,0.962794383833658,416.038,377.593,0.136
WBGene00000464,ceh-44,0.965472683986583,231.782,318.481,-0.452
WBGene00004478,rps-9,0.965472683986583,2366.651,2221.414,0.091
WBGene00013709,csnk-1,0.965472683986583,407.703,478.259,-0.227
WBGene00000534,cpi-2,0.966182918254268,242.835,322.279,-0.402
WBGene00001470,baz-2,0.966182918254268,415.045,354.206,0.225
WBGene00004184,T19D2.2,0.966182918254268,554.784,452.050,0.292
WBGene00004446,rpl-32,0.966182918254268,1741.687,1591.788,0.129
WBGene00006725,ubl-1,0.966182918254268,1611.590,1468.792,0.133
WBGene00001999,hrp-1,0.967792010006259,648.136,578.588,0.161
WBGene00004481,rps-12,0.967792010006259,1193.441,1310.305,-0.134
WBGene00006913,vha-4,0.967792010006259,267.025,306.146,-0.192
WBGene00015926,C17H11.6,0.967792010006259,765.202,628.737,0.281
WBGene00022069,eel-1,0.967792010006259,1004.591,1064.159,-0.082
WBGene00000883,cyn-7,0.970354143150916,564.172,641.879,-0.184
WBGene00001117,dyf-1,0.970354143150916,428.188,464.765,-0.115
WBGene00001177,egl-8,0.970354143150916,1046.698,1168.669,-0.158
WBGene00003153,mca-3,0.970354143150916,1069.120,1038.318,0.041
WBGene00004208,ptc-1,0.970354143150916,2354.533,2198.844,0.098
WBGene00004495,rps-26,0.970354143150916,1142.247,1108.817,0.042
WBGene00006941,wnk-1,0.970354143150916,439.849,454.092,-0.043
WBGene00007030,epc-1,0.970354143150916,1004.106,1126.486,-0.164
WBGene00008570,kcnl-2,0.970354143150916,743.090,691.035,0.103
WBGene00009587,mig-38,0.970354143150916,599.531,712.133,-0.246
WBGene00016493,C37A2.7,0.970354143150916,563.709,552.548,0.026
WBGene00022584,ZC266.1,0.970354143150916,283.070,269.565,0.065
WBGene00004313,rbc-1,0.971640728540934,271.851,260.759,0.055
WBGene00021281,ell-1,0.976131443385331,307.449,349.881,-0.182
WBGene00003072,lrp-2,0.979546851553579,1252.605,1345.482,-0.102
WBGene00004469,rps-0,0.979938648639673,2985.133,3202.650,-0.101
WBGene00015350,fbxl-1,0.979938648639673,159.033,218.298,-0.448
WBGene00000491,che-12,0.980927844943813,607.339,531.643,0.189
WBGene00007703,gbf-1,0.980927844943813,536.701,601.491,-0.162
WBGene00000102,akt-1,0.986740774208932,1989.141,1978.553,0.007
WBGene00002717,let-526,0.986740774208932,861.042,827.047,0.056
WBGene00003150,mbk-2,0.986740774208932,1182.257,1241.952,-0.070
WBGene00003961,pct-1,0.986740774208932,344.079,313.394,0.130
WBGene00004095,pqe-1,0.986740774208932,388.191,375.236,0.045
WBGene00004319,rbr-2,0.986740774208932,921.021,952.933,-0.048
WBGene00004419,rpl-7A,0.986740774208932,1101.984,1004.679,0.132
WBGene00006768,unc-32,0.986740774208932,403.151,405.694,-0.005
WBGene00006812,unc-80,0.986740774208932,309.790,305.067,0.017
WBGene00010013,F54B3.1,0.986740774208932,278.885,242.052,0.198
WBGene00010959,nduo-1,0.986740774208932,722.672,844.436,-0.223
WBGene00010961,nduo-2,0.986740774208932,745.518,883.643,-0.243
WBGene00011962,T23G5.2,0.986740774208932,277.999,320.942,-0.202
WBGene00011980,T24B8.7,0.986740774208932,1063.730,1043.616,0.026
WBGene00013347,Y59A8B.10,0.986740774208932,308.555,310.070,-0.002
WBGene00018152,acs-4,0.986740774208932,306.587,314.738,-0.033
WBGene00018710,F52G3.1,0.986740774208932,339.831,337.728,0.005
WBGene00018764,F53F10.2,0.986740774208932,500.059,551.348,-0.138
WBGene00019466,tos-1,0.986740774208932,7589.970,7408.776,0.035
WBGene00020131,gcy-28,0.986740774208932,498.779,533.449,-0.094
WBGene00020581,T19D12.6,0.986740774208932,986.003,957.220,0.041
WBGene00021068,W06H8.6,0.986740774208932,234.378,221.675,0.074
WBGene00000553,cmk-1,0.987205678509628,382.191,352.090,0.114
WBGene00000908,daf-12,0.98864774975027,305.052,314.810,-0.041
WBGene00001178,egl-9,0.98864774975027,473.112,504.157,-0.089
WBGene00004488,rps-19,0.990853801453212,1285.519,1334.173,-0.052
WBGene00018285,smk-1,0.990853801453212,425.834,470.900,-0.142
WBGene00004494,rps-25,0.99296474681978,3283.016,3092.858,0.086
WBGene00007327,C05C9.3,0.99296474681978,717.487,723.140,-0.009
WBGene00001196,egl-30,0.993752492456499,536.255,605.401,-0.172
WBGene00002065,iff-2,0.993752492456499,511.497,492.441,0.052
WBGene00002235,kqt-3,0.993752492456499,451.096,510.847,-0.176
WBGene00002980,lgg-1,0.993752492456499,718.983,703.901,0.029
WBGene00003591,nex-4,0.993752492456499,631.666,635.588,-0.007
WBGene00003739,nlp-1,0.993752492456499,625.984,644.688,-0.040
WBGene00004110,pqn-20,0.993752492456499,357.625,338.138,0.077
WBGene00004421,rpl-10,0.993752492456499,1892.385,1851.392,0.031
WBGene00004425,rpl-13,0.993752492456499,1872.781,1925.380,-0.039
WBGene00004447,rpl-33,0.993752492456499,378.329,413.847,-0.126
WBGene00006728,ubq-2,0.993752492456499,597.614,607.557,-0.021
WBGene00007227,C01G6.5,0.993752492456499,740.508,772.773,-0.060
WBGene00010306,golg-4,0.993752492456499,353.801,359.558,-0.019
WBGene00010556,rack-1,0.993752492456499,1255.417,1326.551,-0.078
WBGene00015813,thoc-2,0.993752492456499,260.550,279.569,-0.096
WBGene00018615,F48G7.4,0.993752492456499,225.122,234.862,-0.055
WBGene00019327,zip-2,0.993752492456499,661.427,711.486,-0.103
WBGene00019946,chat-1,0.993752492456499,243.962,282.178,-0.204
WBGene00000898,daf-2,0.993823828595742,2074.541,2193.659,-0.080
WBGene00004449,rpl-35,0.996252530595775,463.031,503.742,-0.118
WBGene00007176,kcnl-1,0.996252530595775,667.310,713.510,-0.094
WBGene00015901,nhr-158,0.996252530595775,461.915,449.414,0.036
WBGene00017157,tyra-2,0.996252530595775,370.397,380.033,-0.033